id,first_name,last_name,email,gender,ip_address,company,birth,issued_date,issued_times
1,Bartlett,Blythin,bblythin0@ebay.co.uk,Polygender,,Flashset,7/16/1985,,
2,Aguie,Searchwell,asearchwell1@domainmarket.com,Agender,68.35.53.37,Vidoo,10/20/1989,,
3,Bogey,Gajewski,bgajewski2@dailymail.co.uk,Polygender,121.199.95.125,Fiveclub,1/16/1995,4/5/2006,5
4,William,Nelius,wnelius3@sina.com.cn,Bigender,172.34.97.121,Topiczoom,3/2/1991,12/27/2004,1
5,Corney,Bresman,cbresman4@exblog.jp,Genderqueer,8.204.27.11,Skyba,9/26/1986,,
6,Corine,Dowry,cdowry5@shutterfly.com,Agender,199.166.218.12,Rhycero,10/21/1984,,
7,Gilda,Itzchaky,gitzchaky6@marriott.com,Genderqueer,87.69.205.125,Meetz,1/27/1983,,
8,Morry,Liepina,mliepina7@youku.com,Agender,13.183.127.154,Brainlounge,12/7/1999,,
9,Tresa,Jiracek,tjiracek8@devhub.com,Non-binary,42.168.32.144,Linkbuzz,9/19/1980,12/7/2003,2
10,Karolina,Osman,kosman9@fc2.com,Male,204.216.141.71,Shuffletag,1/10/1998,,
11,Perren,McAteer,pmcateera@linkedin.com,Bigender,68.83.8.72,,8/15/1982,5/28/2014,9
12,Ange,Binne,abinneb@example.com,Male,220.137.232.47,Twitterworks,10/22/1994,,
13,Inglebert,Balnaves,ibalnavesc@biblegateway.com,Non-binary,,Trudoo,3/6/1981,5/10/2007,2
14,Cindy,Henworth,chenworthd@gov.uk,Female,145.188.27.185,Feedfire,4/12/1996,2/25/2006,9
15,Antonia,Pidon,apidone@skype.com,Polygender,130.127.83.221,Kwilith,1/3/1987,11/13/2014,6
16,Laurent,Aubury,lauburyf@bigcartel.com,Female,225.39.162.216,Eimbee,5/12/1990,,
17,Clara,Stut,cstutg@google.es,Agender,3.232.197.76,Twitterwire,12/30/1996,,
18,Margo,Bernardes,mbernardesh@china.com.cn,Male,141.252.60.166,Skyndu,11/20/1984,,
19,Aurlie,Harmar,aharmari@blinklist.com,Male,170.104.210.204,Cogibox,5/3/1993,,
20,Teirtza,Franceschelli,tfranceschellij@imgur.com,Female,133.151.43.59,,5/8/1989,12/30/2001,6
21,Chiquia,Gras,cgrask@nytimes.com,Genderqueer,52.34.174.23,Shufflester,4/10/1997,12/15/2018,6
22,Norry,Britto,nbrittol@oakley.com,Non-binary,187.156.11.193,Devify,3/14/1998,6/25/2001,4
23,Domini,Toretta,dtorettam@multiply.com,Female,65.179.40.88,Tagopia,12/4/1995,4/11/2006,4
24,Quentin,Degoey,qdegoeyn@sogou.com,Non-binary,193.12.246.199,Edgeclub,12/30/1996,,
25,Ingram,Antoniou,iantoniouo@mac.com,Genderfluid,244.23.253.48,Kazio,6/8/1981,7/1/2010,0
26,Vilma,Rowan,vrowanp@t-online.de,Polygender,243.123.210.103,Bluejam,10/17/1996,,
27,Denver,Hallowes,dhallowesq@washington.edu,Genderqueer,161.96.1.60,Skyba,12/11/1980,8/10/2017,2
28,Eugine,Saylor,esaylorr@howstuffworks.com,Polygender,192.59.97.92,Zoonoodle,6/30/1985,7/6/2012,3
29,Zorah,Sambidge,zsambidges@huffingtonpost.com,Agender,162.43.15.40,Gabtune,12/6/1982,5/11/2015,8
30,Xylia,Ruffle,xrufflet@photobucket.com,Agender,0.21.91.143,,12/10/1991,5/25/2006,7
31,Remy,Carsey,rcarseyu@wired.com,Polygender,244.248.83.125,Mynte,9/7/1981,,
32,Oswald,Mayzes,omayzesv@spiegel.de,Female,254.216.19.234,Yozio,2/21/1982,5/15/2013,3
33,Devonna,Form,dformw@uol.com.br,Agender,72.1.158.224,Teklist,4/19/1995,,
34,Mariann,Godehard.sf,mgodehardsfx@printfriendly.com,Bigender,116.5.150.74,Lazzy,6/24/1991,7/25/2009,6
35,Martha,Mosson,mmossony@prlog.org,Male,132.41.67.129,Aibox,3/8/1981,7/29/2016,4
36,Silva,Brummell,sbrummellz@state.gov,Agender,,Tambee,1/22/1983,,
37,Catriona,Burnham,cburnham10@typepad.com,Genderfluid,99.231.205.132,Realcube,1/13/1986,2/27/2009,0
38,Kira,Smithies,ksmithies11@hhs.gov,Polygender,236.220.87.109,Yozio,6/25/1987,,
39,Sibyl,Commins,scommins12@studiopress.com,Bigender,22.23.66.34,,4/4/1998,,
40,Everett,Caldow,ecaldow13@ucsd.edu,Male,195.182.242.197,Yodel,12/21/1988,,
41,Allene,Ferrea,aferrea14@microsoft.com,Genderqueer,218.247.149.53,Jayo,3/7/1994,8/9/2006,3
42,Emily,Tatum,etatum15@meetup.com,Genderqueer,85.83.89.219,Topiclounge,3/18/1992,,
43,Winni,McCart,wmccart16@shop-pro.jp,Male,164.181.98.157,Tanoodle,4/11/1995,,
44,Melisande,Mouatt,mmouatt17@cnet.com,Male,50.146.22.117,Thoughtbeat,8/22/1995,8/31/2001,9
45,Raynard,Behrens,rbehrens18@simplemachines.org,Genderqueer,97.17.205.191,Yakijo,5/21/1990,7/22/2006,5
46,Sherill,Turner,sturner19@goo.gl,Genderqueer,196.65.221.140,Gabvine,12/12/1980,4/2/2013,0
47,Dee dee,Gentzsch,dgentzsch1a@webnode.com,Genderfluid,251.153.85.82,Pixonyx,1/11/1981,,
48,Lynna,Brunsen,lbrunsen1b@moonfruit.com,Polygender,254.230.19.64,Babbleset,7/12/1987,,
49,Bard,Braksper,bbraksper1c@last.fm,Agender,95.228.112.157,Thoughtstorm,6/17/1987,,
50,Shelley,Rodell,srodell1d@godaddy.com,Male,172.139.40.93,Gigashots,10/17/1989,,
51,Archibold,Brame,abrame1e@oaic.gov.au,Non-binary,210.224.234.23,,5/1/1984,4/28/2005,10
52,Reta,Vaszoly,rvaszoly1f@sciencedaily.com,Polygender,187.41.155.232,Skalith,2/3/1988,,
53,Stace,McKeever,smckeever1g@un.org,Genderfluid,192.16.26.212,Miboo,2/9/1996,2/18/2019,0
54,Early,Roos,eroos1h@blogtalkradio.com,Genderqueer,96.33.229.103,Oyoyo,7/15/1999,,
55,Reeta,Draysey,rdraysey1i@ihg.com,Agender,28.54.238.53,Rhynoodle,7/28/1984,,
56,Laurice,Swayland,lswayland1j@alexa.com,Non-binary,180.144.130.6,Lajo,9/23/1988,,
57,Tremayne,Morais,tmorais1k@ow.ly,Non-binary,230.145.15.91,Fadeo,6/14/1998,8/19/2017,1
58,Lenore,Tiddy,ltiddy1l@bing.com,Agender,79.88.114.128,Brainsphere,3/22/1983,10/19/2001,6
59,Bettye,Carlens,bcarlens1m@mysql.com,Non-binary,241.226.77.184,Gevee,11/6/1987,12/19/2000,3
60,Hatti,Zukerman,hzukerman1n@mlb.com,Genderfluid,59.75.147.171,Wordpedia,11/14/1999,,
61,Irvine,Shimwall,ishimwall1o@accuweather.com,Bigender,114.36.178.239,,7/8/1998,,
62,Maddie,MacRierie,mmacrierie1p@google.ru,Genderqueer,138.223.88.189,Tagopia,6/7/1986,,
63,Kellina,Mance,kmance1q@friendfeed.com,Non-binary,147.243.156.47,Livetube,7/29/1995,6/16/2010,10
64,Nelli,Fearnsides,nfearnsides1r@biglobe.ne.jp,Female,81.128.228.61,Ntags,3/6/1997,12/24/2000,3
65,Gwyn,Tschierasche,gtschierasche1s@imgur.com,Genderfluid,33.57.207.116,Quamba,8/8/1999,,
66,Winnah,Rowan,wrowan1t@wordpress.org,Non-binary,102.253.149.65,Zazio,1/11/1992,,
67,Lodovico,Meigh,lmeigh1u@indiegogo.com,Male,234.53.186.88,Thoughtmix,8/5/1997,9/25/2017,3
68,Wheeler,Cresswell,wcresswell1v@columbia.edu,Non-binary,1.250.206.137,Abata,3/4/1987,10/13/2005,4
69,Kissie,Fleming,kfleming1w@nytimes.com,Genderfluid,10.82.32.24,Mymm,1/10/1988,7/4/2008,0
70,Channa,McKeever,cmckeever1x@meetup.com,Female,41.84.115.33,Trilith,3/11/1982,7/29/2014,2
71,Cleveland,Procter,cprocter1y@jigsy.com,Polygender,148.108.174.204,Yamia,4/26/1995,,
72,Oliver,Gerrels,ogerrels1z@flickr.com,Non-binary,155.72.32.36,Rhyzio,11/4/1984,7/23/2012,5
73,Des,Pummery,dpummery20@cpanel.net,Genderqueer,50.207.177.108,Kaymbo,12/30/1984,9/19/2012,4
74,Noby,Ezzle,nezzle21@mashable.com,Polygender,193.21.99.216,Centizu,7/22/1980,7/24/2010,9
75,Lethia,Bowditch,lbowditch22@xing.com,Male,248.232.195.208,Browsedrive,8/8/1990,,
76,Dee dee,Marciskewski,dmarciskewski23@fastcompany.com,Genderfluid,250.244.10.227,Edgewire,8/26/1992,1/23/2003,4
77,Sella,Amos,samos24@dedecms.com,Male,233.24.99.151,Dynava,2/3/1999,11/24/2001,10
78,Geno,Gogay,ggogay25@wisc.edu,Agender,,Livetube,1/5/1991,5/28/2016,3
79,Venus,Petegree,vpetegree26@cisco.com,Genderqueer,36.133.221.101,Pixoboo,4/18/1988,,
80,Egbert,Mattys,emattys27@npr.org,Genderqueer,249.84.185.245,Tanoodle,4/29/1986,5/2/2014,1
81,Misty,Hlavecek,mhlavecek28@dell.com,Bigender,49.94.42.41,Gabcube,5/25/1989,,
82,Laverna,Skedge,lskedge29@hhs.gov,Genderfluid,83.198.146.174,Tavu,10/31/1988,,
83,La verne,Evins,levins2a@tripod.com,Polygender,157.46.88.163,,4/22/1993,8/27/2014,1
84,Osborn,Swanson,oswanson2b@ezinearticles.com,Female,90.255.19.132,Fiveclub,2/15/1992,4/9/2002,4
85,Kelsi,Jellman,kjellman2c@goodreads.com,Genderfluid,32.196.138.210,,4/25/1980,,
86,Chrissie,Preskett,cpreskett2d@aboutads.info,Genderqueer,,Centidel,12/17/1998,,
87,Emili,Cordel,ecordel2e@purevolume.com,Polygender,38.86.27.55,Edgeify,7/29/1997,3/17/2010,2
88,Ev,Whatmough,ewhatmough2f@i2i.jp,Male,137.150.127.159,Oodoo,10/6/1997,,
89,Felicity,Lippiett,flippiett2g@ning.com,Genderqueer,99.7.249.70,,5/28/1995,6/11/2014,7
90,Kellie,Furtado,kfurtado2h@jimdo.com,Female,61.99.85.92,Kaymbo,3/20/1994,5/26/2018,3
91,Shel,Loren,sloren2i@lulu.com,Female,182.182.201.82,Cogidoo,5/17/1981,11/7/2002,1
92,Sophia,Turfes,sturfes2j@pbs.org,Polygender,71.89.60.99,Jabbertype,5/10/1980,,
93,Luigi,Ahren,lahren2k@sogou.com,Bigender,226.103.251.92,Demizz,8/2/1984,11/22/2009,2
94,Ashlen,Tynewell,atynewell2l@mlb.com,Polygender,213.100.68.190,Gabtype,1/12/1998,10/4/2008,3
95,Dorie,Basso,dbasso2m@bing.com,Bigender,45.195.23.146,Jazzy,9/12/1994,6/22/2005,6
96,Blondie,D'Ruel,bdruel2n@sun.com,Genderqueer,151.50.91.25,Tekfly,6/16/1984,2/23/2005,8
97,Etti,Klimko,eklimko2o@arizona.edu,Bigender,41.14.13.78,Twinder,8/2/1994,3/10/2012,6
98,Early,Dowtry,edowtry2p@nba.com,Non-binary,39.216.183.46,,7/16/1998,,
99,Adelina,Tunn,atunn2q@reuters.com,Agender,156.252.19.192,Omba,9/14/1980,,
100,Kristien,Rabl,krabl2r@yahoo.com,Polygender,213.123.199.87,Mita,3/20/1991,,
